,name,constraint,owner
671,PN Backgroundfail_LOW_bin_1-1,flatParam,LDMX_NoHcal_Background_2x0_pass
672,PN Backgroundfail_LOW_bin_2-1,flatParam,LDMX_NoHcal_Background_2x0_pass
673,PN Backgroundfail_LOW_bin_1-2,flatParam,LDMX_NoHcal_Background_2x0_pass
674,PN Backgroundfail_LOW_bin_2-2,flatParam,LDMX_NoHcal_Background_2x0_pass
675,PN Backgroundfail_LOW_bin_1-3,flatParam,LDMX_NoHcal_Background_2x0_pass
676,PN Backgroundfail_LOW_bin_2-3,flatParam,LDMX_NoHcal_Background_2x0_pass
677,PN Backgroundfail_LOW_bin_1-4,flatParam,LDMX_NoHcal_Background_2x0_pass
678,PN Backgroundfail_LOW_bin_2-4,flatParam,LDMX_NoHcal_Background_2x0_pass
679,PN Backgroundfail_LOW_bin_1-5,flatParam,LDMX_NoHcal_Background_2x0_pass
680,PN Backgroundfail_LOW_bin_2-5,flatParam,LDMX_NoHcal_Background_2x0_pass
681,PN Backgroundfail_LOW_bin_1-6,flatParam,LDMX_NoHcal_Background_2x0_pass
682,PN Backgroundfail_LOW_bin_2-6,flatParam,LDMX_NoHcal_Background_2x0_pass
683,PN Backgroundfail_LOW_bin_1-7,flatParam,LDMX_NoHcal_Background_2x0_pass
684,PN Backgroundfail_LOW_bin_2-7,flatParam,LDMX_NoHcal_Background_2x0_pass
685,PN Backgroundfail_LOW_bin_1-8,flatParam,LDMX_NoHcal_Background_2x0_pass
686,PN Backgroundfail_LOW_bin_2-8,flatParam,LDMX_NoHcal_Background_2x0_pass
687,PN Backgroundfail_LOW_bin_1-9,flatParam,LDMX_NoHcal_Background_2x0_pass
688,PN Backgroundfail_LOW_bin_2-9,flatParam,LDMX_NoHcal_Background_2x0_pass
689,PN Backgroundfail_LOW_bin_1-10,flatParam,LDMX_NoHcal_Background_2x0_pass
690,PN Backgroundfail_LOW_bin_2-10,flatParam,LDMX_NoHcal_Background_2x0_pass
691,PN Backgroundfail_SIG_bin_1-1,flatParam,LDMX_NoHcal_Background_2x0_pass
692,PN Backgroundfail_SIG_bin_1-2,flatParam,LDMX_NoHcal_Background_2x0_pass
693,PN Backgroundfail_SIG_bin_1-3,flatParam,LDMX_NoHcal_Background_2x0_pass
694,PN Backgroundfail_SIG_bin_1-4,flatParam,LDMX_NoHcal_Background_2x0_pass
695,PN Backgroundfail_SIG_bin_1-5,flatParam,LDMX_NoHcal_Background_2x0_pass
696,PN Backgroundfail_SIG_bin_1-6,flatParam,LDMX_NoHcal_Background_2x0_pass
697,PN Backgroundfail_SIG_bin_1-7,flatParam,LDMX_NoHcal_Background_2x0_pass
698,PN Backgroundfail_SIG_bin_1-8,flatParam,LDMX_NoHcal_Background_2x0_pass
699,PN Backgroundfail_SIG_bin_1-9,flatParam,LDMX_NoHcal_Background_2x0_pass
700,PN Backgroundfail_SIG_bin_1-10,flatParam,LDMX_NoHcal_Background_2x0_pass
701,PN Backgroundfail_HIGH_bin_1-1,flatParam,LDMX_NoHcal_Background_2x0_pass
702,PN Backgroundfail_HIGH_bin_2-1,flatParam,LDMX_NoHcal_Background_2x0_pass
703,PN Backgroundfail_HIGH_bin_3-1,flatParam,LDMX_NoHcal_Background_2x0_pass
704,PN Backgroundfail_HIGH_bin_4-1,flatParam,LDMX_NoHcal_Background_2x0_pass
705,PN Backgroundfail_HIGH_bin_5-1,flatParam,LDMX_NoHcal_Background_2x0_pass
706,PN Backgroundfail_HIGH_bin_6-1,flatParam,LDMX_NoHcal_Background_2x0_pass
707,PN Backgroundfail_HIGH_bin_7-1,flatParam,LDMX_NoHcal_Background_2x0_pass
708,PN Backgroundfail_HIGH_bin_8-1,flatParam,LDMX_NoHcal_Background_2x0_pass
709,PN Backgroundfail_HIGH_bin_1-2,flatParam,LDMX_NoHcal_Background_2x0_pass
710,PN Backgroundfail_HIGH_bin_2-2,flatParam,LDMX_NoHcal_Background_2x0_pass
711,PN Backgroundfail_HIGH_bin_3-2,flatParam,LDMX_NoHcal_Background_2x0_pass
712,PN Backgroundfail_HIGH_bin_4-2,flatParam,LDMX_NoHcal_Background_2x0_pass
713,PN Backgroundfail_HIGH_bin_5-2,flatParam,LDMX_NoHcal_Background_2x0_pass
714,PN Backgroundfail_HIGH_bin_6-2,flatParam,LDMX_NoHcal_Background_2x0_pass
715,PN Backgroundfail_HIGH_bin_7-2,flatParam,LDMX_NoHcal_Background_2x0_pass
716,PN Backgroundfail_HIGH_bin_8-2,flatParam,LDMX_NoHcal_Background_2x0_pass
717,PN Backgroundfail_HIGH_bin_1-3,flatParam,LDMX_NoHcal_Background_2x0_pass
718,PN Backgroundfail_HIGH_bin_2-3,flatParam,LDMX_NoHcal_Background_2x0_pass
719,PN Backgroundfail_HIGH_bin_3-3,flatParam,LDMX_NoHcal_Background_2x0_pass
720,PN Backgroundfail_HIGH_bin_4-3,flatParam,LDMX_NoHcal_Background_2x0_pass
721,PN Backgroundfail_HIGH_bin_5-3,flatParam,LDMX_NoHcal_Background_2x0_pass
722,PN Backgroundfail_HIGH_bin_6-3,flatParam,LDMX_NoHcal_Background_2x0_pass
723,PN Backgroundfail_HIGH_bin_7-3,flatParam,LDMX_NoHcal_Background_2x0_pass
724,PN Backgroundfail_HIGH_bin_8-3,flatParam,LDMX_NoHcal_Background_2x0_pass
725,PN Backgroundfail_HIGH_bin_1-4,flatParam,LDMX_NoHcal_Background_2x0_pass
726,PN Backgroundfail_HIGH_bin_2-4,flatParam,LDMX_NoHcal_Background_2x0_pass
727,PN Backgroundfail_HIGH_bin_3-4,flatParam,LDMX_NoHcal_Background_2x0_pass
728,PN Backgroundfail_HIGH_bin_4-4,flatParam,LDMX_NoHcal_Background_2x0_pass
729,PN Backgroundfail_HIGH_bin_5-4,flatParam,LDMX_NoHcal_Background_2x0_pass
730,PN Backgroundfail_HIGH_bin_6-4,flatParam,LDMX_NoHcal_Background_2x0_pass
731,PN Backgroundfail_HIGH_bin_7-4,flatParam,LDMX_NoHcal_Background_2x0_pass
732,PN Backgroundfail_HIGH_bin_8-4,flatParam,LDMX_NoHcal_Background_2x0_pass
733,PN Backgroundfail_HIGH_bin_1-5,flatParam,LDMX_NoHcal_Background_2x0_pass
734,PN Backgroundfail_HIGH_bin_2-5,flatParam,LDMX_NoHcal_Background_2x0_pass
735,PN Backgroundfail_HIGH_bin_3-5,flatParam,LDMX_NoHcal_Background_2x0_pass
736,PN Backgroundfail_HIGH_bin_4-5,flatParam,LDMX_NoHcal_Background_2x0_pass
737,PN Backgroundfail_HIGH_bin_5-5,flatParam,LDMX_NoHcal_Background_2x0_pass
738,PN Backgroundfail_HIGH_bin_6-5,flatParam,LDMX_NoHcal_Background_2x0_pass
739,PN Backgroundfail_HIGH_bin_7-5,flatParam,LDMX_NoHcal_Background_2x0_pass
740,PN Backgroundfail_HIGH_bin_8-5,flatParam,LDMX_NoHcal_Background_2x0_pass
741,PN Backgroundfail_HIGH_bin_1-6,flatParam,LDMX_NoHcal_Background_2x0_pass
742,PN Backgroundfail_HIGH_bin_2-6,flatParam,LDMX_NoHcal_Background_2x0_pass
743,PN Backgroundfail_HIGH_bin_3-6,flatParam,LDMX_NoHcal_Background_2x0_pass
744,PN Backgroundfail_HIGH_bin_4-6,flatParam,LDMX_NoHcal_Background_2x0_pass
745,PN Backgroundfail_HIGH_bin_5-6,flatParam,LDMX_NoHcal_Background_2x0_pass
746,PN Backgroundfail_HIGH_bin_6-6,flatParam,LDMX_NoHcal_Background_2x0_pass
747,PN Backgroundfail_HIGH_bin_7-6,flatParam,LDMX_NoHcal_Background_2x0_pass
748,PN Backgroundfail_HIGH_bin_8-6,flatParam,LDMX_NoHcal_Background_2x0_pass
749,PN Backgroundfail_HIGH_bin_1-7,flatParam,LDMX_NoHcal_Background_2x0_pass
750,PN Backgroundfail_HIGH_bin_2-7,flatParam,LDMX_NoHcal_Background_2x0_pass
751,PN Backgroundfail_HIGH_bin_3-7,flatParam,LDMX_NoHcal_Background_2x0_pass
752,PN Backgroundfail_HIGH_bin_4-7,flatParam,LDMX_NoHcal_Background_2x0_pass
753,PN Backgroundfail_HIGH_bin_5-7,flatParam,LDMX_NoHcal_Background_2x0_pass
754,PN Backgroundfail_HIGH_bin_6-7,flatParam,LDMX_NoHcal_Background_2x0_pass
755,PN Backgroundfail_HIGH_bin_7-7,flatParam,LDMX_NoHcal_Background_2x0_pass
756,PN Backgroundfail_HIGH_bin_8-7,flatParam,LDMX_NoHcal_Background_2x0_pass
757,PN Backgroundfail_HIGH_bin_1-8,flatParam,LDMX_NoHcal_Background_2x0_pass
758,PN Backgroundfail_HIGH_bin_2-8,flatParam,LDMX_NoHcal_Background_2x0_pass
759,PN Backgroundfail_HIGH_bin_3-8,flatParam,LDMX_NoHcal_Background_2x0_pass
760,PN Backgroundfail_HIGH_bin_4-8,flatParam,LDMX_NoHcal_Background_2x0_pass
761,PN Backgroundfail_HIGH_bin_5-8,flatParam,LDMX_NoHcal_Background_2x0_pass
762,PN Backgroundfail_HIGH_bin_6-8,flatParam,LDMX_NoHcal_Background_2x0_pass
763,PN Backgroundfail_HIGH_bin_7-8,flatParam,LDMX_NoHcal_Background_2x0_pass
764,PN Backgroundfail_HIGH_bin_8-8,flatParam,LDMX_NoHcal_Background_2x0_pass
765,PN Backgroundfail_HIGH_bin_1-9,flatParam,LDMX_NoHcal_Background_2x0_pass
766,PN Backgroundfail_HIGH_bin_2-9,flatParam,LDMX_NoHcal_Background_2x0_pass
767,PN Backgroundfail_HIGH_bin_3-9,flatParam,LDMX_NoHcal_Background_2x0_pass
768,PN Backgroundfail_HIGH_bin_4-9,flatParam,LDMX_NoHcal_Background_2x0_pass
769,PN Backgroundfail_HIGH_bin_5-9,flatParam,LDMX_NoHcal_Background_2x0_pass
770,PN Backgroundfail_HIGH_bin_6-9,flatParam,LDMX_NoHcal_Background_2x0_pass
771,PN Backgroundfail_HIGH_bin_7-9,flatParam,LDMX_NoHcal_Background_2x0_pass
772,PN Backgroundfail_HIGH_bin_8-9,flatParam,LDMX_NoHcal_Background_2x0_pass
773,PN Backgroundfail_HIGH_bin_1-10,flatParam,LDMX_NoHcal_Background_2x0_pass
774,PN Backgroundfail_HIGH_bin_2-10,flatParam,LDMX_NoHcal_Background_2x0_pass
775,PN Backgroundfail_HIGH_bin_3-10,flatParam,LDMX_NoHcal_Background_2x0_pass
776,PN Backgroundfail_HIGH_bin_4-10,flatParam,LDMX_NoHcal_Background_2x0_pass
777,PN Backgroundfail_HIGH_bin_5-10,flatParam,LDMX_NoHcal_Background_2x0_pass
778,PN Backgroundfail_HIGH_bin_6-10,flatParam,LDMX_NoHcal_Background_2x0_pass
779,PN Backgroundfail_HIGH_bin_7-10,flatParam,LDMX_NoHcal_Background_2x0_pass
780,PN Backgroundfail_HIGH_bin_8-10,flatParam,LDMX_NoHcal_Background_2x0_pass
781,PN Backgroundrpf_2x0_par0,flatParam,LDMX_NoHcal_Background_2x0_pass
782,PN Backgroundrpf_2x0_par1,flatParam,LDMX_NoHcal_Background_2x0_pass
783,PN Backgroundrpf_2x0_par2,flatParam,LDMX_NoHcal_Background_2x0_pass
784,PN Backgroundrpf_2x0_par3,flatParam,LDMX_NoHcal_Background_2x0_pass
